CustomerID,TotalPurchase,Frequency,Recency,CLV
1,780.3532318,9,277,70.23179086
2,1903.892897,62,304,1180.413596
3,1477.388187,37,135,546.633629
4,1217.384044,97,195,1180.862523
5,354.2363489,51,128,180.6605379
